title,link
Data Scientist: Data Analytics / Machine Learning,https://www.indeed.com/pagead/clk?mo=r&ad=-6NYlbfkN0Dd8-Oq0kVDr9-mjkXUoeX1Tr_vzCrfA1lrGnCVlpJgql7D69yUYzxGIEaFJKlRY8QQGGuG-L6rI1yGvHx2_672w0QMlUrmm6swp_9r4zOLdwfMcwi2Mrj9dj4CNl_BpKOw6uSjKOvzhn68Q9prubXtiL_8aGTxKvX3PQoofiTpol5Bw6vJRt7PhEv5i0EfmtopP4JCdiBlTzeMFIdDgbZZfwWmd8LVDKEfW58h2GIRXaup7cZcf_lNPcJnCSFKYEPOGeC1IrvrgCmEYHh2t_xWQ9-szvSwpJcF-eQ36CVBI_6aCx5U_Se0GdBk7m31ONhATeEY63zWnW5AlD6RmetGJqWdFjPyeAmV4a_s76GnK5jFr9FtX2oNCWnM8__0-De0gQBRuzU0TmLv-jNYamSdy96fVzA7_YeyKdsEnICT_HCDosRsuw2NkD4Jnr6i2l1QNz1N-OWl61YtfnGNkf96ywNM29Ti4igawW9VZKz_Kd1aJCPHP1yIzsWNjmD3A8nx9t6h11hEsopOOTVz8JUG&vjs=3&p=1&sk=&fvj=0
Data Leakage Protection Engineer,https://www.indeed.com/pagead/clk?mo=r&ad=-6NYlbfkN0BeO_iQBcnhOqFThY3orEqV4d_46-uO9pYfN_WB6OBgwGOYAkJ1Mfn2RdqJ9AOITF6fqsK-qZB5pwHRp18gVVt89hdHsWwb9YZwyecLLylQGbj7-u_B3sw8qfE0WRp_i1VprPUutJ3I_cnJsZIORyGS1h1YaVUsIHN7QOodGOzhX_-mxarEYE-F8k2vKnh6v3YlWjSXoLOIdElPfACYkVm__9UAdnN4QVBCRU0qprfEnSVJ7MFqbKTQ9inMFvhi5bS2ZYcaazvtz-w1vVMhb1Dp2AjA_jtjEmI1OsGzGBnzzWYyyYl6VmIyTLDmvd10N9XDPyZcbgYqixdDFCxAi9fdNGgsr2caAjjUQ-1lusm3yUHuSjizOUyO_1mLzACC1LUSU2u6AP2FRhNR1DKb_uW7MwODD17iTUA9pDCLHK_s4dLiI2CDf9HkOawS2VzkaMLVquDyY-jSMEiE4l6Vxs-HlwwvAhUHxfzslXoucFJzPQ==&vjs=3&p=2&sk=&fvj=1
Data Leakage Protection Engineer,https://www.indeed.com/pagead/clk?mo=r&ad=-6NYlbfkN0D16aQl52fI8micf27MiSkWm9GbkD2dcFU2SdD6fjBnDwIuF1BhsGnZ3r-VslSoAARsSx60YzP08OmwlZPJIc1rp-3KWlU6LkaLtcbEvKrmQlFqYpHw8Rd8PBVMGpHIyJv-b1HBR7wwrHSRTwrwevUMCdhA05Ol2owhAuGOuhSeFMxqEwiYHRv-G6qheR18_KRQINnMHtJujrRvQXEUV_to2zHOHrWW476uAvjZWZAHrRD4pn76i2YALz8vmnS_SuusChEW3eEyoLCH045wwIwLnWFNsmSumib6q5TdAKN12KufjcuERTCSoys5STYUltwtl8VUo_xN4ZO7HQ_UvXpWiSZeJYLIX5X46wbdL51kU6Hh7AuIodKzIbiSF3PgoEluA_IgqMqqMxmega1UdiF6eo4U1t3MvZO8Sv-3PRqLrmvSPuieoogfsrO5XGYLMa3vCMxyhBS7XK5WuQmbNFBEyis7uleKHig=&vjs=3&p=3&sk=&fvj=1
Data Loss Protection Engineer,https://www.indeed.com/pagead/clk?mo=r&ad=-6NYlbfkN0CJ_J7CQd9_7rqphrCE-23TSj5pa8Cjqp_qnOeonghLM0qmj80i56CuptBjwz-bzEVSWjfmwdClpZfagF_HoQAr1XrBZlJBkb0nFfeT0yBII86qxbT9LvKA6yvVZrh40rZolRSHXn71E8OQWGiEjn-Nen_p86DRLCZFfMRmOSBAoqSBHMWoSDs0lURdvdQf0TS0J3M5UgjUPnT7ecArG8hvEvRDqYcduDlcI09OOc9f6vxKuLEORAgAwvkiUiAT4x4uNZhTu4J61nBoVWAU6LxkuSm8Or6lWixZ3DS_jGAYxdrfy_Bt5vr__09GXXLeyPj9t-ogurDnaTcXAoNaA81ZMIHkKCJINNeV_MnNs8YpHneuMB3NkPzTjMJoxPdEbYlorJIYPsbpqdZpXdcZDVzhdGawmup8f3F_xMdFVFGOoKuYXeA4xQPkQoC9VX0JhdU=&vjs=3&p=4&sk=&fvj=0
Senior Data Scientist: Data Analytics / Machine Learning,https://www.indeed.com/pagead/clk?mo=r&ad=-6NYlbfkN0Dd8-Oq0kVDr9-mjkXUoeX1Tr_vzCrfA1lrGnCVlpJgql7D69yUYzxGIEaFJKlRY8RvU3sIM8gc8MaxmVAcyBEqr-rYiu6zrJRodVsLu0_3aBo8lcpDXQd3e4GkvR1AMUgP_6Qz6h4wtoZr_dL0OKqzX9-Delw3wZiaoGYuW0BDCfCX7atXC5r_9hpQV8xDAfNWrFZX8PfBKczoTR7FN37vWNMOh0tuRUAPc38msrZd4Hl3Gik0BBD8JUAXs14BninprEHoZwPklK57OWTRQ7QWhCTi3ShnJ6zX2XAjrmL-wYDtIsfQAICAmDqCfnf2Inyf6QsTapOY28NImrxYCwvi4w1aIShzojJX5URBtxg2C8AK2IxW4QxUvpIATb_rYcCEexOvHnNVmpf7He1WDTOvwTZYeVZWjRWicsBVoBT_uOqTSBbAelTwHJpSuqlUMEAlgm_O74sK32rJ_450ROlQOGayetr0jXKetlXk9noJVTyBoKoSabGDyPxgpW8bOThEqd534IAu2fBdS0imK04v&vjs=3&p=5&sk=&fvj=0
"Data Analyst, International",https://www.indeed.com/pagead/clk?mo=r&ad=-6NYlbfkN0CkGqy-oleOp60jhdWOneZwHlkkGHCcxbMb14W8qhu9HEuxjNDXy8o1HHznIxVo-M_XwjxM1fx5hQpfqOadpP2jobPh3dnHxzUM2RyNB5sTeT1NyT5UAHSjkd9OIY8bHw_kvBlMjaDhBZ4Y4P8Rc8prxdEcN7aUjHYF4KJB6Qe_BgVfuImT1sANcwdhMpCCDZ9LCRyU6XfmmleQrFXjaQQXhuyyPPz_pO8GMeJ32BYMnSOT-ZbM9ZE3aTTTz-oDwStAF3PvXw6aT1ssv55OOQKCZiI7RiDf52QtwFfxtgnNTajKObnssDddkU_d-RHKipF2yhfu9So9sYWvHyyI5juBjkzSgd-OSxDqPBlAxwmz6RfXIbZc9GBU1Qn6cT7nKQMES5TB0BJjD5MMkr2-iM2ZcJ3cRAxU_-Gv6LprQqR9hjl_Ic81LbxMUBxnTuWmYO2ReieEwLkVzs9rNhqf6m1mBwcFmMuxz-oODs8neUDhoRJC_JvxIJ1Pe5CMxXasYhE-YP4IHAzf70Lx76mSzig8&vjs=3&p=6&sk=&fvj=0
"Data Science, Intern",https://www.indeed.com/rc/clk?jk=76b11e68bdacf6e6&fccid=99aa72da43e2a96c&vjs=3
Data Scientist,https://www.indeed.com/company/NIEHS/jobs/Data-Scientist-b4e60d9398cbbf13?fccid=db5af192af752d4b&vjs=3
Data Science,https://www.indeed.com/rc/clk?jk=bd92081f3304c237&fccid=77cec2f25f9bd7ed&vjs=3
Data Scientist,https://www.indeed.com/company/Hi-Fidelity-Genetics/jobs/Data-Scientist-2e421e82b337e630?fccid=de7ce7afaf18e248&vjs=3
Data Scientist-Internship,https://www.indeed.com/rc/clk?jk=92ef5a0bdbb3d450&fccid=1486169547a0044f&vjs=3
Data Scientist,https://www.indeed.com/rc/clk?jk=2735279bc1ce749b&fccid=503cbddf55bc6990&vjs=3
Data Scientist,https://www.indeed.com/rc/clk?jk=4e611c326e11ed57&fccid=8c8fa600b6a5fdd5&vjs=3
Data Science Developer,https://www.indeed.com/rc/clk?jk=5dfcbb545fa87108&fccid=711925311d316d82&vjs=3
"Developer Advocate, Data Science Education",https://www.indeed.com/rc/clk?jk=61e881a747ba4729&fccid=a5b4499d9e91a5c6&vjs=3
Manufacturing Data Scientist,https://www.indeed.com/rc/clk?jk=8f8aeda176f8b383&fccid=126e3afd205caa95&vjs=3
title,link
"Data Analyst, International",https://www.indeed.com/pagead/clk?mo=r&ad=-6NYlbfkN0CkGqy-oleOp60jhdWOneZwHlkkGHCcxbMb14W8qhu9HEuxjNDXy8o1HHznIxVo-M_XwjxM1fx5hQpfqOadpP2jobPh3dnHxzUM2RyNB5sTeT1NyT5UAHSjkd9OIY8bHw_kvBlMjaDhBZ4Y4P8Rc8prp1zST2U3Mxf26MQ_1Aj8aq4tYjxd59Uf6Ej4Eh19mLxMx87_jWXDfhFyZ3lbiZin8eQWr3Wvk2Qn-xZWRPx5G3yNMWjm6G2swjDBrqVev2eDZZr0yQgm3J-sU7VcZbJ2Mcu9eFRZIRcgFNP8xmi_4OqhefD79cII3OnRXq_8FvlSofFE8muWeCCDM6DcNBT6gjfeRFhV5ioy8h5ojONA2i3UlthCltp_DBi8t_2qQV5tGm1fqV04P5StaomldcumaB7yWiJil0rdvvj_0mAvizSqMCy04hgIWfgjGVHcMj7b71VOEu75qxtYFqkLwXLTdcOJTBQSU3YJudRI4b7DJMY3jFRaUIRggmjQgrcGNCw1RqmqKpE0KzLcSVAewI8Q&vjs=3&p=1&sk=&fvj=0
Data Leakage Protection Engineer,https://www.indeed.com/pagead/clk?mo=r&ad=-6NYlbfkN0D16aQl52fI8micf27MiSkWm9GbkD2dcFU2SdD6fjBnDwIuF1BhsGnZ3r-VslSoAARsSx60YzP08OmwlZPJIc1rp-3KWlU6LkaLtcbEvKrmQlFqYpHw8Rd8PBVMGpHIyJv-b1HBR7wwrHSRTwrwevUMCdhA05Ol2ozZFKSabsR3uJLK5saieu4gC5ziHPwKCwPlwUmWkbmylOj_O6ziET6VvV46mzF9DbH-zhORugVYKnXKctq9cpoaaN6COp7sYhJ_zKgCnzvSjqIpKUFh-zOxYCbFzKLder1QlanpTbvZO2_D3K6bjaqoXinWAs3SbRwWSfXryol_MZvWbBC0a06iHNtH1MJWzvrl-NOBK_55LH9wZ1IjEJxzb7DXzKIrhlpMcPwjjDLNS7269Zj15MYpsRqhtTC0GO0i-Towd64OXCpcD3AzJFzHd_C1qgNOAH_-NnzoFKCJw8nAhGJX-9pW8qSPVSwpLsc=&vjs=3&p=2&sk=&fvj=1
Data Scientist: Data Analytics / Machine Learning,https://www.indeed.com/pagead/clk?mo=r&ad=-6NYlbfkN0Dd8-Oq0kVDr9-mjkXUoeX1Tr_vzCrfA1lrGnCVlpJgql7D69yUYzxGIEaFJKlRY8QQGGuG-L6rI1yGvHx2_672w0QMlUrmm6swp_9r4zOLdwfMcwi2Mrj9dj4CNl_BpKOw6uSjKOvzhn68Q9prubXtFmCRonvKvECnKGwwSjL9su3c-E0-RadyBFdSHzBBVnLjZLoUSfNiy_fXLY03GUTgbj4ZOLicgyDOZtsQ5nkxjadIo0xKA9Qn-_U5kFdjWXlK67hnPNtioO57bBtyO7O2VTYGcDN-Zwf6KKBtYPT5z2HEvVQtrIJHQlihDmG_K693aaKwGeum9J4Je0gLIVcNEKJQRx99zoLQV2U8qxgAZ2HQPSBejXBeMvHrCHiAjTUqkJ6nTEcmAvYRy13m647TfBqZ9SnAvvEiWOwlWAhx5bT6RCiFd6VVySGFtQt95xO4H9u7CTk7zN6p9_9cHJ38b7D2ObV18AyApcCWXiVyVLY2Fk93qlZRfk2r3y5d66ocEsgdTTT6WDIuP3eLb5I-&vjs=3&p=3&sk=&fvj=0
Data Scientist,https://www.indeed.com/pagead/clk?mo=r&ad=-6NYlbfkN0BMutaQklePxOsn9aiCK_xhuuuRqkQGCpMSltrBRHRJETG9o_AxQUXDsAGpR4nxJRxy3Se99hi4Ki-5KascRm0IZl0XER22JdJJaayE7ydBjrvI9kPMQtWeHutc2KyRdabqqRriY9Qnov3sn17gFeI2-_61xmaq5AdgH_SRfMt_snBl--MVOYx2aQeJwo0CLr548OYG0FO6nigsKftx3ibfvT02jAjGW73swn2aB1w9J8MReU3RvuYHgzLrFCBSqU65AvY1dtDjNOpAK7w2cQb_jGdN9WSjhLRL0T79MDlRKwvyBMOkD8oKB86Ap6np36FgizGuSrsbwhggVLYKS44jib-UefNiRoYha28Yxd7R0KQSe8ESUsbCQEkCkZBXHJe9ZhpyESXSu806s2LYZGzWttTAadof3sorQwU4sL7ChMElUN2Caq79pzXzYGqu7WLJfstxFbj4mBP2SmI9iij7021QWDcNLS0=&vjs=3&p=4&sk=&fvj=0
Senior Data Scientist: Data Analytics / Machine Learning,https://www.indeed.com/pagead/clk?mo=r&ad=-6NYlbfkN0Dd8-Oq0kVDr9-mjkXUoeX1Tr_vzCrfA1lrGnCVlpJgql7D69yUYzxGIEaFJKlRY8RvU3sIM8gc8MaxmVAcyBEqr-rYiu6zrJRodVsLu0_3aBo8lcpDXQd3e4GkvR1AMUgP_6Qz6h4wtoZr_dL0OKqzfwqOlOwdT1uL_W0uO60KsU8G3RlLPKIEuxDFr9eHfn-x5wCAsC55hkvVcwfQ-9cqG62rtru0cOaEPndZ000fXl4rMkvjEpsLsYsalI9Z9zv30cBzQWWGdaWl2x71X9EK0HEqFYxOJwLHNg3newvDmpZ-di5xhiXBX9q_xsbFb69SADVT9wfPSmjd4VZXNZdW8DusaUyDombJnQBpXEXLHCkvjrqmp4EwSqoetYo0gmP2-QWe5-LX9b0uPUNFU_dt_TqrqF9myfUZ_VESpF_8GLXEi0evO0DYbe10edy2tPacUFd3XZTdJ2cI9ab5eC8ooszFCO4wuXpxmgQLNmC3geW1thYFXBrwNvc_JOkBlI94bVpHQA-7WsdnrC8rLWeE&vjs=3&p=5&sk=&fvj=0
Data Leakage Protection Engineer,https://www.indeed.com/pagead/clk?mo=r&ad=-6NYlbfkN0BeO_iQBcnhOqFThY3orEqV4d_46-uO9pYfN_WB6OBgwGOYAkJ1Mfn2RdqJ9AOITF6fqsK-qZB5pwHRp18gVVt89hdHsWwb9YZwyecLLylQGbj7-u_B3sw8qfE0WRp_i1VprPUutJ3I_cnJsZIORyGS1h1YaVUsIHPIN3Mkwd7Kd_Zl7UpLLH8Hko9s0VDQhAFVRYyNplU96P81YYg2LqJRBWz_yqhgJDNEOCLpoyXcB72tlXc5TmVd_faI72Kup7fJiFiytCjmxSqwVr8CEigrTeJ8Imhd3EcpqeOFZqGua8qWG6RfT2NR9bqJytCHhHpSbBKMTn95-uhoE3viqt2-t-mLcytIkfpsd1vY1qh62-2ySBlcVPq21x8w50bgGQGxguhywJJRu2xx3Sw7tRQQZzX-HlgRfXXQZLK18oZ5uVf8imUY0JO0ugfidg5g47NQqV1Iz9I4mdFwPfXxl5xmPo0Sw3TgVWZj1XDXBIGnbw==&vjs=3&p=6&sk=&fvj=1
"Developer Advocate, Data Science Education",https://www.indeed.com/rc/clk?jk=61e881a747ba4729&fccid=a5b4499d9e91a5c6&vjs=3
Engineering Data Analyst,https://www.indeed.com/rc/clk?jk=40a12317737d8a6d&fccid=c1ecaee24c0b08e0&vjs=3
"Analyst III, Quality Control Research Cells",https://www.indeed.com/rc/clk?jk=08e1b63acccd4c4a&fccid=f03d9769ea7202c9&vjs=3
HR Compliance Analyst,https://www.indeed.com/rc/clk?jk=0437c1f27090d065&fccid=6b7a1dfe07e7f037&vjs=3
Senior Data Scientist,https://www.indeed.com/rc/clk?jk=cf257d9222080f3d&fccid=d3d3520998346837&vjs=3
Data Science Engineer,https://www.indeed.com/rc/clk?jk=e820eec179d22424&fccid=6b7a1dfe07e7f037&vjs=3
Data Engineer,https://www.indeed.com/rc/clk?jk=44df00b5ff0c1fef&fccid=9c94a9e856d520b3&vjs=3
Enterprise Data Scientist,https://www.indeed.com/rc/clk?jk=fac4701e05861c9e&fccid=31bebfb78bc1f0f1&vjs=3
Watson Financial Crimes Insight Data Scientist,https://www.indeed.com/rc/clk?jk=3298c9c56554b7d6&fccid=de71a49b535e21cb&vjs=3
Data Engineer,https://www.indeed.com/company/Magna-Systems-international/jobs/Data-Engineer-d977d1e01105a3f9?fccid=1b8b5841a73079b6&vjs=3
title,link
Data Leakage Protection Engineer,https://www.indeed.com/pagead/clk?mo=r&ad=-6NYlbfkN0BeO_iQBcnhOqFThY3orEqV4d_46-uO9pYfN_WB6OBgwGOYAkJ1Mfn2RdqJ9AOITF6fqsK-qZB5pwHRp18gVVt89hdHsWwb9YZwyecLLylQGbj7-u_B3sw8qfE0WRp_i1VprPUutJ3I_cnJsZIORyGS1h1YaVUsIHOUP9TqzBfHdOM721yjJkRAueYKYBht31CBYWX4Yx1filEBpXUkOSwE-FHnYNK1aIlFq0Pwyobfxb1UqjlSqGBZWgVQIidylAxbDx0MgvalUeEsaw7rwRxER1CgfuiZanfDFx-YS86xiAkuFFgi4rZwLrNskH7dcOTg8v-yAJnMf6gEEqT1pGryWl7GVQaTyKKro2id2WZwaS8dC9pGIkGhXFsqDTlCRDwq0_eRm80AR73wNL07Pd_-BjBSiEIEJkYomKcbDV77RW-5nrZPdPxb7C1wgwNmubi5Vz-3qRAeIN5fZlzBQ1rhuY_UjGeZ7bZhEK1F4P5b4w==&vjs=3&p=1&sk=&fvj=1
"Data Analyst, International",https://www.indeed.com/pagead/clk?mo=r&ad=-6NYlbfkN0CkGqy-oleOp60jhdWOneZwHlkkGHCcxbMb14W8qhu9HEuxjNDXy8o1HHznIxVo-M_XwjxM1fx5hQpfqOadpP2jobPh3dnHxzUM2RyNB5sTeT1NyT5UAHSjkd9OIY8bHw_kvBlMjaDhBZ4Y4P8Rc8prC2fuOgJu5bWvGej4rl4jhPjQKor6ltMmvcqnPu8lkohjVWRQ1OqmPkUD2RQ52KHUKiyXElR2hGSRhSoRFLuWgQXCeccpL7zs3rjm6h2hKkfr7a3ZrDZXhqqwqTgC8MgsuQ4AswP7_7Kwqq2EpMSI5WpDKOfKyzkvvrSzfzEJNf_LPOI7x_rXWAzo6XhacIU-XNyXy79DqExR-DTPrvZH1XA7MQKFpF6pVrJH3dgxv28kBZwJk3kcQ_52n4lN84ke4LKm4V9vLG3wC7fJdVp1GRPNKR85jSv2sKITCj1CTNFihf3MuczyUyVHrCyXTUWFHujFJKRdZ59fdvXJFC0zTG4fDHoQ2RWY3Y-zI1QMK4PR-Ts9K5tJx1ov4L8u-HYN&vjs=3&p=2&sk=&fvj=0
Data Leakage Protection Engineer,https://www.indeed.com/pagead/clk?mo=r&ad=-6NYlbfkN0D16aQl52fI8micf27MiSkWm9GbkD2dcFU2SdD6fjBnDwIuF1BhsGnZ3r-VslSoAARsSx60YzP08OmwlZPJIc1rp-3KWlU6LkaLtcbEvKrmQlFqYpHw8Rd8PBVMGpHIyJv-b1HBR7wwrHSRTwrwevUMCdhA05Ol2owFA9LW0I2DzX-owxZsDWtZUJY_UWhowj4mbUqr9Pcu6WukAeIbUbKqB6a4tCSj0eTcQSfTfk0tUF-d7qR6LB6LivLLpnhQ9WgiymB82SgJHhwLJHnsN9MtfdeI72sE_d3g6YFIl9g2yoM0dIqrr3FfzxiPqCQT39zTboApIQzTShzuaJ3rq6DT-QMOGpftDD0YrjmxipdQHmceHshGs2Iy9Tef1rwsbITAz7ldlQJaV9CHADyewy3Ph_XnSYc5d87eOZNZBtKvCdoGEqkWscalrNy0UzWf4GJ1ykLGUM6Gs59iZONjdRdC9ucNbCLS9GQ=&vjs=3&p=3&sk=&fvj=1
Data Scientist,https://www.indeed.com/pagead/clk?mo=r&ad=-6NYlbfkN0BMutaQklePxOsn9aiCK_xhuuuRqkQGCpMSltrBRHRJETG9o_AxQUXDsAGpR4nxJRxy3Se99hi4Ki-5KascRm0IZl0XER22JdJJaayE7ydBjrvI9kPMQtWeHutc2KyRdabqqRriY9QnovKh_VIcahJTibvg1yQzIB_izZNSHgVIaYezi844D_6TSorN_Fg5UlqJuRiz93w5dT_wIPucqLtMiRnO1mwe5N6PyqU5fjbshqIzZhXPJBlLR1Gtahch7D0gUEm0Ww_ukPu5jbdU2r3ML5N3mgIzDD_OkfOMMVXFyxxse0HfaMRV_sJsp4yYzmkRbJMzpm6OSOnmPvC5RgZBuSl-BF1lyex6bdz5z8H-7zj40xidQSu4Q0ra9qmaRccwmkjiwE17z-N7kqJB46YlzokkIh6yS9iXEEwt6DvEMGrLX7v13zdkt73xvREtgeoN52Kb_HYFlAGvF_EoKvjq5I9z23Ncp5U=&vjs=3&p=4&sk=&fvj=0
Senior Data Scientist: Data Analytics / Machine Learning,https://www.indeed.com/pagead/clk?mo=r&ad=-6NYlbfkN0Dd8-Oq0kVDr9-mjkXUoeX1Tr_vzCrfA1lrGnCVlpJgql7D69yUYzxGIEaFJKlRY8RvU3sIM8gc8MaxmVAcyBEqr-rYiu6zrJRodVsLu0_3aBo8lcpDXQd3e4GkvR1AMUgP_6Qz6h4wtoZr_dL0OKqz_c-ydLqoQuZSt5zC7r9D1wnLdhLhDvNKXxfjp_b-wb9IYv1v1C5Zefgb1cu55TZ-_POwN8Hew76yck-vEhkkUfCl7LnFFlAapt-Rys963AlnSXnBRtkHqnMSt2mF2XCVV_SLKB3XVkqBiYCnErNehK9KPl4MeZy3wKHwoNWFlQlydHQDXL9C3_8KDkRWXJBnlNHigtGmK1yqRCuWpNKWy3qfJ1Jm6zol8lFbccbTwGad4mZifazcz3a4h-SYBfwx4aPsXD9KyBGprqL2QjTYG1Ut0SfpNcKAkUO9QV82nBJcZnUA_07D5xSTCxcrCLWPWQ8Zw7Jo90cRuwlekfULU5IshU9pKxd_IG8IuF8x_z7-JARU9TlgIRJ8i4kXGXRz&vjs=3&p=5&sk=&fvj=0
Data Scientist: Data Analytics / Machine Learning,https://www.indeed.com/pagead/clk?mo=r&ad=-6NYlbfkN0Dd8-Oq0kVDr9-mjkXUoeX1Tr_vzCrfA1lrGnCVlpJgql7D69yUYzxGIEaFJKlRY8QQGGuG-L6rI1yGvHx2_672w0QMlUrmm6swp_9r4zOLdwfMcwi2Mrj9dj4CNl_BpKOw6uSjKOvzhn68Q9prubXt_iG6g1FlMCQT121ZwtyhODKFw0TiiHwmnFvEdTboALDyRK_8s9VIH1T6lqMwhMFVixNVVyRwPPRKpwpX2Dk5qYEXsfFHiB1_sydp-lqr8ERoTR7wLjPK1FQIaHVza-HkZrF6zIFxFHePghsKIpW3ZzAGEmBRgG4YAPXmUhUbiU-eU9TWZEroZ9ZJe23qakhLy_GUpMcDImMDq9zSxRNS80sLqy_otspd1uitv8aB6q2oMhwu2H9DJpIEoJLNsvcyjR_NsBRnbcWze1coEFyd8hK24WSMEL4Z39hjj1dK-FOlXw0hCjtIX4aD4o0D9tleXEzJqinQgj4lYh4_g1Ve0fM4OhSpL3NIZdwaa5wgiemoYr2gVuPWwn4xvybQzkDM&vjs=3&p=6&sk=&fvj=0
Data Scientist,https://www.indeed.com/rc/clk?jk=2735279bc1ce749b&fccid=503cbddf55bc6990&vjs=3
Data Analyst,https://www.indeed.com/rc/clk?jk=bc40266c0c676080&fccid=faa7db32646b6ffc&vjs=3
"Developer Advocate, Data Science Education",https://www.indeed.com/rc/clk?jk=61e881a747ba4729&fccid=a5b4499d9e91a5c6&vjs=3
Data Scientist,https://www.indeed.com/rc/clk?jk=4e611c326e11ed57&fccid=8c8fa600b6a5fdd5&vjs=3
Manufacturing Data Scientist,https://www.indeed.com/rc/clk?jk=8f8aeda176f8b383&fccid=126e3afd205caa95&vjs=3
Data Scientist-Internship,https://www.indeed.com/rc/clk?jk=92ef5a0bdbb3d450&fccid=1486169547a0044f&vjs=3
Financial Data Scientist,https://www.indeed.com/rc/clk?jk=ebcd8907c961def0&fccid=af103eaff391cdf0&vjs=3
Business Analyst / Data Scientist,https://www.indeed.com/rc/clk?jk=56a3ee8057d6deb2&fccid=8c8fa600b6a5fdd5&vjs=3
Engineering Data Analyst,https://www.indeed.com/rc/clk?jk=40a12317737d8a6d&fccid=c1ecaee24c0b08e0&vjs=3
Data Scientist III,https://www.indeed.com/rc/clk?jk=2fb53779efc7967f&fccid=8fd36856966c7aad&vjs=3
title,link
Data Scientist,https://www.indeed.com/pagead/clk?mo=r&ad=-6NYlbfkN0BMutaQklePxOsn9aiCK_xhuuuRqkQGCpMSltrBRHRJETG9o_AxQUXDsAGpR4nxJRxy3Se99hi4Ki-5KascRm0IZl0XER22JdJJaayE7ydBjrvI9kPMQtWeHutc2KyRdabqqRriY9QnolBavC-MRg8lX85HRXjCZcgu4AWHN-MoIIqClIUyQt7u3-AV00NXEDYMsPqqUTSizzHuT7s-cAPrV0XQCsBx2CKE3QwYPzW6agEgD0gfkAKLnShnHg089o765DEOOT00-SMsU8iXJ0BMja42-Gvim0ms4rvFirvbiZGYWrdNorFj8_5P4N4tHkC5skVK2Wp-v1e1pAlG4A2ubYrjhuMWEAAzsthBz02StNUZC7PUbJC8RLMy22YfY0Q-S8EFCldYvTAZDoDD8eG1GwxFLfzUih25-Gyij0etec4nnfbdG0PDJP8q3Vrrq8ZMpJNOeBDyGOgF4eaH2X1vqQWcSnPZkVg=&vjs=3&p=1&sk=&fvj=0
Data Leakage Protection Engineer,https://www.indeed.com/pagead/clk?mo=r&ad=-6NYlbfkN0D16aQl52fI8micf27MiSkWm9GbkD2dcFU2SdD6fjBnDwIuF1BhsGnZ3r-VslSoAARsSx60YzP08OmwlZPJIc1rp-3KWlU6LkaLtcbEvKrmQlFqYpHw8Rd8PBVMGpHIyJv-b1HBR7wwrHSRTwrwevUMCdhA05Ol2oy5187cTVN5dWobXfGgyxejDg5PSSDZaz7JGpQnUjnh-RyCXadpWVerHoOltEw0D6pKL_n1nIMhDcrBKnW69Ir73UvaP1vry-tfsyDsEVNCC-5PRqVVJvOfswAr1C_aAzH4DBU0h0sPaCm_UblF7iAFB0QAwapbyLdBMIWGlvTv_okhaeHMEt858w1MV_vz-KC_xqZoBkbG6Yj9jD3faS3HTfKWXGkSNfzzuIeRUGnyioJTXU3TxRJLY7VlKCi7OoL8tvkDoTSm766hIbI9WTL0s2YCzskjN5YYI6ZlOV9-T3CqYN93tVccUmTCwHueX3E=&vjs=3&p=2&sk=&fvj=1
Data Scientist: Data Analytics / Machine Learning,https://www.indeed.com/pagead/clk?mo=r&ad=-6NYlbfkN0Dd8-Oq0kVDr9-mjkXUoeX1Tr_vzCrfA1lrGnCVlpJgql7D69yUYzxGIEaFJKlRY8QQGGuG-L6rI1yGvHx2_672w0QMlUrmm6swp_9r4zOLdwfMcwi2Mrj9dj4CNl_BpKOw6uSjKOvzhn68Q9prubXttCpsAWDazdkpNk4fzjLeHnEqFzyi12vV6GJV3IC27Ott9jFygqiTfI8bz-uYwMUTnSuOURfYt7u4ZEtBOir8DQh78NghL88QuIRUo0pzeVo7kXD8lfblJgB6-7-PQ3gecYjFEhgZjujWRypJU14g9dLV1BeWM65qzXt87NSPb7puEdNsQPnep9Rh5_1vUUaDu6A2cS6cGiYm6D3PZwtwOe9Er8nenp9-Dsrv3Ew7WR_PkCGq_0ztWmv_0MqSChas1XmN1aC_mFZQZHkYmosfjYvTGSd-bj9FRZvjBwrS7Nl1ITvCpHOEs7mj1knjUe90m0-CkGrv01k_etzR2otrx0LxJNxxI6D2UyTxgAGn5HCkRtIj9cat-s9rnM93Vkm4&vjs=3&p=3&sk=&fvj=0
Data Leakage Protection Engineer,https://www.indeed.com/pagead/clk?mo=r&ad=-6NYlbfkN0BeO_iQBcnhOqFThY3orEqV4d_46-uO9pYfN_WB6OBgwGOYAkJ1Mfn2RdqJ9AOITF6fqsK-qZB5pwHRp18gVVt89hdHsWwb9YZwyecLLylQGbj7-u_B3sw8qfE0WRp_i1VprPUutJ3I_cnJsZIORyGS1h1YaVUsIHNSdHq6rN2s_6beBb5boh80WcaSHmVkHndsVrciV7bVRht654L7SJnYifq9skfgl9aJxgIP8Z-uAwIrBBWvJZruG5r_8RidJhkvqzhvHUnUW5oj_NzB18OjgobIBaWQ4zfE537YEw5MTmgKLKnKNHZ8Ptp4AU9OCSQDmIzmbvC3eENgyVq-Rg5JAH4fL9jEZy6zQE8wgBUOXHy_0-e_O1cOXxbVLLjFrsuUYwziKr-LN0xmNZmtBWvRAeDkyFwDRGZZtOickEeQHPBVUMKMg9OtTnXjU6xbbeUuZtWY6aJg7zrJpK9mESo1NGqdnsLhxOm_AlziNIRLjw==&vjs=3&p=4&sk=&fvj=1
"Data Analyst, International",https://www.indeed.com/pagead/clk?mo=r&ad=-6NYlbfkN0CkGqy-oleOp60jhdWOneZwHlkkGHCcxbMb14W8qhu9HEuxjNDXy8o1HHznIxVo-M_XwjxM1fx5hQpfqOadpP2jobPh3dnHxzUM2RyNB5sTeT1NyT5UAHSjkd9OIY8bHw_kvBlMjaDhBZ4Y4P8Rc8praa2g1dg2DEO87pnQMjCN4-JXOY_JpFRYhem4HtMkeJjYlhQQucnakWiOz1aIklyO2XmPtuqtP-bWfihKu7fUvnDHUZrEn5hf0_EiQ-a1eqkhVifXvh_TyPqud7_xMGRy-hp7NWBo3oy3ioxCnG3G2cvBJ93dyS_NHodfgCuSG_hwCPPp-8aILp6AcFLXPJ3_HQPmo2i2ZI-zFwlk7hebJ8emPpgwTvpCV3aazMo1vwVfOK3C8Ura5f-1QunyZaT4uJx4RXsn2lMj6PsoZ7a8vF9Z5NY7Y4wfL7OvnxJy1yBNRzAAfA03FQuLmS4d4uKI3Pkd5YvxlgkZJdDj5c4pw6FxspvtzDhzdmK_gnGvQuRkMGVWS_Kyre-wrM3qBecE&vjs=3&p=5&sk=&fvj=0
Senior Data Scientist: Data Analytics / Machine Learning,https://www.indeed.com/pagead/clk?mo=r&ad=-6NYlbfkN0Dd8-Oq0kVDr9-mjkXUoeX1Tr_vzCrfA1lrGnCVlpJgql7D69yUYzxGIEaFJKlRY8RvU3sIM8gc8MaxmVAcyBEqr-rYiu6zrJRodVsLu0_3aBo8lcpDXQd3e4GkvR1AMUgP_6Qz6h4wtoZr_dL0OKqz02coLFW1Pu90e1S88WSK6GZ6cQbWwO0_MigZ9k6kWIOzTt1MYZxLYbVM3lkQ_NlNlmGh8zCSDjiIohsWfYQoVWfliMGFGaB2opPaLKikel93JW4ukccu-BDYStUzTWiovmtAg5NZbpadA6VoEmUa_KNb-FQvigFOF4irCLZPtKufSdcMxlzmnEg4ex0ugpMBRAYKJS1WF-bybctpbGLpmMa8rq-uldbI46LMmps637Zgcw_hgURUBzEea0voTOSA3wvmMh6ZOzda6bvyiqJLm6TMAYrkhBN3zL_8SHtScPcOkiV2t4mTrJrS-EOOvZS7RxMoXzlozgoQ4w1nmO5lmpELH-hcp2-eIubVhG_eV6q0nHi-UjnOtyFdzhkU6bGp&vjs=3&p=6&sk=&fvj=0
Data Engineer,https://www.indeed.com/rc/clk?jk=7d179e981243bf47&fccid=e127f4594cdf24f4&vjs=3
DATA SCIENTIST AND TEAM LEAD (Data Analytics Practice),https://www.indeed.com/rc/clk?jk=0da5984107651519&fccid=686538d3cb10c608&vjs=3
Feasibility Research Analyst 1,https://www.indeed.com/rc/clk?jk=aea0a646ded4c6ea&fccid=6b7a1dfe07e7f037&vjs=3
Workday Reporting Business Analyst,https://www.indeed.com/rc/clk?jk=db0ad2cc2c5508b6&fccid=033b673c9c5dc788&vjs=3
Data Engineer,https://www.indeed.com/company/Talent-Software-Solutions/jobs/Data-Engineer-1cfa657d340884e0?fccid=e479ab56099cbb1d&vjs=3
Postdoctoral Researcher - Learning Analytics and Educational Data Science,https://www.indeed.com/rc/clk?jk=857fa42d8f76a50a&fccid=9a199e21f9f95369&vjs=3
"RESEARCH ANALYST II, DCRI -CENTER FOR INFORMING HEALTH DECISIONS",https://www.indeed.com/rc/clk?jk=cf2419b28e20482d&fccid=686538d3cb10c608&vjs=3
System Programmer Analyst (Data Scientist),https://www.indeed.com/rc/clk?jk=e04dde716c60fad2&fccid=662e23242ca7a7c3&vjs=3
LAB RESEARCH ANALYST I - BEHAVIORAL NEUROLOGY,https://www.indeed.com/rc/clk?jk=edccee5f432eeb49&fccid=686538d3cb10c608&vjs=3
Data Protection Services Engineer,https://www.indeed.com/rc/clk?jk=c018e9b06bdeeae3&fccid=04233dcb6353e8e1&vjs=3
title,link
Data Leakage Protection Engineer,https://www.indeed.com/pagead/clk?mo=r&ad=-6NYlbfkN0BeO_iQBcnhOqFThY3orEqV4d_46-uO9pYfN_WB6OBgwGOYAkJ1Mfn2RdqJ9AOITF6fqsK-qZB5pwHRp18gVVt89hdHsWwb9YZwyecLLylQGbj7-u_B3sw8qfE0WRp_i1VprPUutJ3I_cnJsZIORyGS1h1YaVUsIHMIrCUVaoJAQglxTq124BfoXHy--REdWM4GwiiNEMkl9gGYtsNl6EId0ViPqL5jCRcT0sY19HTKF4yX6Qy3luoLXZ28SSMCx0QxAGUPtG2ujpzRVIDKGKI3srLgifZRggGeUTB8FBE1KhbecOW_PATKYjHgGiCCWbNVnCHGCGp-0MdNBUEWlK_pKkns8alutODVkUD_gl18oeZbzL289VaRLHxY59l9jA-a9aMYds6mA7v8NKor5b1fgxexb5iZTwNA4t3IXlaG92crUzPotcVpnOz8XQGconcabrYtalNRUrVJC_zr-SGTSNhoX1u2CHRHqTz3gtns-g==&vjs=3&p=1&sk=&fvj=1
Senior Data Scientist: Data Analytics / Machine Learning,https://www.indeed.com/pagead/clk?mo=r&ad=-6NYlbfkN0Dd8-Oq0kVDr9-mjkXUoeX1Tr_vzCrfA1lrGnCVlpJgql7D69yUYzxGIEaFJKlRY8RvU3sIM8gc8MaxmVAcyBEqr-rYiu6zrJRodVsLu0_3aBo8lcpDXQd3e4GkvR1AMUgP_6Qz6h4wtoZr_dL0OKqz4S7sUvPl5iBAcnfQhOZUSREk1GGsixzlb9tmNgDlB3rg7Pu5fmX6zcbwxwbDjbCJScF_DFd6RjuNmFCViNB4s3MQCYfL_XMMl9q93K05aoB1r-1u2dUp3_uBzNyaHq4AeUjAKs2nXUouYGYZhqRqecKNqz3v04CJEt5Q2PPO_miNtbd7xq7sO1e_CEMOdT2chYKW8Vrky5uRXJhcM6dlSV8o9ozFWdYL-HB3AhPeFHUn6Ez_j2TpoSBGwqA5XeMxrCRnkNELW9XWhnz89Ui2NrH0ydNfjbLEmAB2YwugdudVabR6zs2LcJT02XxssxQ-dhegCcnOuXMMhNZnylRJkd5mpS1iOB7ZDa-KVzCPUPt97bSR3bcx5GN8FQu6Abuu&vjs=3&p=2&sk=&fvj=0
Data Scientist: Data Analytics / Machine Learning,https://www.indeed.com/pagead/clk?mo=r&ad=-6NYlbfkN0Dd8-Oq0kVDr9-mjkXUoeX1Tr_vzCrfA1lrGnCVlpJgql7D69yUYzxGIEaFJKlRY8QQGGuG-L6rI1yGvHx2_672w0QMlUrmm6swp_9r4zOLdwfMcwi2Mrj9dj4CNl_BpKOw6uSjKOvzhn68Q9prubXtLopSJvzwAren0ffJ_syicJpeOZf88w-536PpemTfVK59bWh37BJw9GMaczSsv6HxUMtAT_3JLB_662hq74UBmfivu6WFgzRoGbp2uTLAG8yOoFOIT9E3nsy3zNtTdHDiB7-6UI4fjTZzWuYV9hlHDjPL0WFmLKltZhVVZiCX816Cw0_cwrmYddELG5TCnSvm-UEItQdpsSpp_67CZ7212ZHXnP0n6tNIRLkyRhZCMrXM2ic2WNHYbXrIFW81LFoK4k7gyxM162oxNFHn33tWhvWYTmv5uKinxEDXCwk5BO1RRMUYWj5Qz5lLS8lD-BFZfceKcxv9L_o0IrQBWHJF4zWIEnK_S4Fl8saMC9T7I-cMwRvrVSdWErJ9w8CoQk0O&vjs=3&p=3&sk=&fvj=0
Data Loss Protection Engineer,https://www.indeed.com/pagead/clk?mo=r&ad=-6NYlbfkN0CJ_J7CQd9_7rqphrCE-23TSj5pa8Cjqp_qnOeonghLM0qmj80i56CuptBjwz-bzEVSWjfmwdClpZfagF_HoQAr1XrBZlJBkb0nFfeT0yBII86qxbT9LvKA6yvVZrh40rZolRSHXn71E8OQWGiEjn-Nt-vstCoBVaiRMie_ccUspL-T94SrPdHnV5K8uWvc-kFlIZjSTt3H9Dg2M_8K_BnBfDmQpH5Y62Gd55ZWOH1BG4HqoR6GwQGQWvjgd6lJWPeBkCvLI-lYm0Dr7J8FhaB-Fzsha1_tBuRYKPuOsDlGY2_JfiVQ2BJkXCYLNxHYa3SQWiOi_Q2RWmffCbp5nuFO0NHn-Jdj40LlRgxGKQLl_qJoIrO-awyezpNBBxUNCoVL92Vofti6SuZ5-g7D4Pdl9WSR9UGWs5oGfYC0uyqA1ivyJiShGlOPedq8TWE1W7o=&vjs=3&p=4&sk=&fvj=0
Data Leakage Protection Engineer,https://www.indeed.com/pagead/clk?mo=r&ad=-6NYlbfkN0D16aQl52fI8micf27MiSkWm9GbkD2dcFU2SdD6fjBnDwIuF1BhsGnZ3r-VslSoAARsSx60YzP08OmwlZPJIc1rp-3KWlU6LkaLtcbEvKrmQlFqYpHw8Rd8PBVMGpHIyJv-b1HBR7wwrHSRTwrwevUMCdhA05Ol2ox39T1Wniows0EXmJY3GztZClGQxTxEu_tvFB-aMKkDPmRXub-ciQHYrdubzNAlKTMpR6lbTw5OvsHSHkS1ON8_BmrpnwmJJbeHMlFw7yqYf8q26EUZqEKSiFMjUxrVKRDX8KgO6KcIe1A66hUG7QQ4XYNVy3HVfNiyZWkBpll-HXcMQ2yawTe2PHrO_njPYj_SNTG3IO59h8sDf7t4cS10pQ5UqudiMvK96OwBINkgVj9hkXMjw8uDaCfJZshDBdsTf5XZVAprnn1WJI_Oe_9ZNQuGE_w9hIXx-XpYh0ZfmgOZ1kv3XG3bImH0CbB_dLU=&vjs=3&p=5&sk=&fvj=1
"Data Analyst, International",https://www.indeed.com/pagead/clk?mo=r&ad=-6NYlbfkN0CkGqy-oleOp60jhdWOneZwHlkkGHCcxbMb14W8qhu9HEuxjNDXy8o1HHznIxVo-M_XwjxM1fx5hQpfqOadpP2jobPh3dnHxzUM2RyNB5sTeT1NyT5UAHSjkd9OIY8bHw_kvBlMjaDhBZ4Y4P8Rc8pr_X3DLz3a3xzCjpSBp3TZUdwQ_bZDapAeZykIRF26RnUJEVBMw3wnvdqA_90CwflmnC-lNWSPQTBZi0Q98oSeFqc52jkeNYYUtEIHHqeyBrioadK04H5mR2jYpMdmxSVWPvZSbyHOqC9TZKpbaBNGZ-OnkGFWBWF0MUqhIv6DjQFVO7-T9rdgBPS-wtPlCd8pEKcHfLXq-k9b7tQ0ugG5yk_Tmr0ojPPBOxd_8xtZgFTnLWxqX1bm7vzbXNLyiwuREkfGrM4KmAtrpyjIAsT4DPF2F2RH5AYTHbEg6tRM5PiYIrd7NfOBmk2cEcBlmnc92gtG3G5LOyCAmfif0QwZ3SfHy12zeHoUDy4blLQ5xuecBf7MzI-H17jhOp5TOyNJ&vjs=3&p=6&sk=&fvj=0
Data Analyst,https://www.indeed.com/rc/clk?jk=bc40266c0c676080&fccid=faa7db32646b6ffc&vjs=3
Manager - Data Science,https://www.indeed.com/rc/clk?jk=23fb4a4becbef856&fccid=503cbddf55bc6990&vjs=3
Data Reviewer/Scientist I #878,https://www.indeed.com/rc/clk?jk=f1b6b28a08d5bb43&fccid=bf58a5b90bea7c32&vjs=3
Postdoctoral Researcher - Learning Analytics and Educational Data Science,https://www.indeed.com/rc/clk?jk=9df1a999f7293d3c&fccid=9a199e21f9f95369&vjs=3
Python Machine Learning Analytics,https://www.indeed.com/company/Options-Group/jobs/Python-Machine-Learning-Analytic-7e7cfdeb76d5490c?fccid=09fa2dd96713683e&vjs=3
Data Scientist,https://www.indeed.com/rc/clk?jk=2735279bc1ce749b&fccid=503cbddf55bc6990&vjs=3
Business Intelligence and Data Analyst,https://www.indeed.com/rc/clk?jk=027190d102ab0289&fccid=9a199e21f9f95369&vjs=3
"Data Analyst, International",https://www.indeed.com/rc/clk?jk=47f5252e7b4dae68&fccid=3b487ab6f249cdc1&vjs=3
LAB RESEARCH ANALYST I,https://www.indeed.com/rc/clk?jk=caebdbbf490f3a28&fccid=686538d3cb10c608&vjs=3
Financial Data Scientist,https://www.indeed.com/rc/clk?jk=ebcd8907c961def0&fccid=af103eaff391cdf0&vjs=3
title,link
Data Scientist: Data Analytics / Machine Learning,https://www.indeed.com/pagead/clk?mo=r&ad=-6NYlbfkN0Dd8-Oq0kVDr9-mjkXUoeX1Tr_vzCrfA1lrGnCVlpJgql7D69yUYzxGIEaFJKlRY8QQGGuG-L6rI1yGvHx2_672w0QMlUrmm6swp_9r4zOLdwfMcwi2Mrj9dj4CNl_BpKOw6uSjKOvzhn68Q9prubXt-hFKwEhFRE9RVJpy1i1_TrrPl0Qwiig9pXdIb9HGTCxP3UrtkxPUXCSUdTNO2sEJZ-PWs5bRSqSVulvYoHdy-6Nim5Po6Ov2k3xs-BQdE3uiwIs37gqRf8gP3rvSETi1YZarCNZ9OZ6T9nXYCUym5IF9u2UKHiWNXhsBHfoAMw6mO_4ZvrxEDj84OrEDQXhULHxdqBsS_052YTR6JE7drtLxmSXVcNLmO9koLapD4JbazN95WWzDWiNrzdXB61ZVej4HSI-c5jXrl81dr0PCSv5b4OMGFL83SvZyb8IZDNKEzfjqRi2uLGABrm_VSbH5LLBBqkzUhTS4xZ2l_GwL1jAlP7JATMAEJnw9WzCnXUJsEAptJTFicn9POa9Gmpfh&vjs=3&p=1&sk=&fvj=0
Data Leakage Protection Engineer,https://www.indeed.com/pagead/clk?mo=r&ad=-6NYlbfkN0D16aQl52fI8micf27MiSkWm9GbkD2dcFU2SdD6fjBnDwIuF1BhsGnZ3r-VslSoAARsSx60YzP08OmwlZPJIc1rp-3KWlU6LkaLtcbEvKrmQlFqYpHw8Rd8PBVMGpHIyJv-b1HBR7wwrHSRTwrwevUMCdhA05Ol2oykS-SM9GGlybhP5OJcsMmeB6ZDNOrrM4UR5qh7xHBv5kdShcQ_iy4guNYfvafub35RhWtzscpUcS4MZREfp5aBE9Slzj59i5gg0piXlWwGAt-A4q7QEiiYurju-3upMEwMr9gPXBPIuQ85usR1vWEI4-RcUe28_o6yChrhhn8p-9jLzOr49iM6iOAK3fILaIvlU_FXrdi6EJ-ddvnPIBe7yxNqes8dIc4le2Bp_SyC3snEc6FKIhx0sq8uBcWtWTgXyOy88ORWtye9mOv91cs7ZjNCulJPumHewlbSEWolpcMY5cXXnsCzLNLaNksOjUI=&vjs=3&p=2&sk=&fvj=1
Senior Data Scientist: Data Analytics / Machine Learning,https://www.indeed.com/pagead/clk?mo=r&ad=-6NYlbfkN0Dd8-Oq0kVDr9-mjkXUoeX1Tr_vzCrfA1lrGnCVlpJgql7D69yUYzxGIEaFJKlRY8RvU3sIM8gc8MaxmVAcyBEqr-rYiu6zrJRodVsLu0_3aBo8lcpDXQd3e4GkvR1AMUgP_6Qz6h4wtoZr_dL0OKqzFUYWoiaAQkAeFi8CCrArSMfLIl91SLisMJs1dGqPkd10_l4CpEtP2D8Hx34GF_KT6YIgciWMqX8wQ5SV-Jdu-hlCKD2CSaL0_EDrgN8IJ-sTjtf-r93pqCBiqjKoC9lAeC7aq0c8_ZvD_5CBySrV9wyyeUDJ_jp1p88OU-lZCaL9hDVMv6hcXYhgbsdO9P2WcNfYpRyEOK8fH6LZX5PgCepBRgQ36M-AGXV3MjVjW8GiUd-jLSwEFUAsrV_6F4g4br7LpPVqp5eudQikrI8jVBXKncPhiqgZZkHIsjZ38xogJvsCt2Kd8vaaBwpHPPwp6Uasght5yFG3fjPqOSFUe_VePTy3KQZfIFTUZH2dFjbrqQZHiLkm3qdbBjtospYJ&vjs=3&p=3&sk=&fvj=0
"Data Analyst, International",https://www.indeed.com/pagead/clk?mo=r&ad=-6NYlbfkN0CkGqy-oleOp60jhdWOneZwHlkkGHCcxbMb14W8qhu9HEuxjNDXy8o1HHznIxVo-M_XwjxM1fx5hQpfqOadpP2jobPh3dnHxzUM2RyNB5sTeT1NyT5UAHSjkd9OIY8bHw_kvBlMjaDhBZ4Y4P8Rc8prXrWK47gCOQQ37_ROWmr4x8RLXpqc415-Nj451mPZnsWpuGGT6LIA44oSxR3AlpWYC6j93qSA8M8UGG88hI4ZwJjscd9Vnsj0B7K0LdZFtQjfCy3fnDTDhegz19oTWD3mc6Uyr-h052MC3qYD-CGLSqJ5nL8VNbTpfQY_k5GgXjxLQ9c0f069Xgz2DFk3WqNs9yms5JIpsCCaB_pJqOKqGZ7HgUMN681mXVJp21puZkfOPeIYUmcWX5IcD7SOvvUbBPtZXg8KuvNuSwtmQ2WYCUKYvg3htxPe8HwfdS2P_4hcJKsx9llGC4KQkofhk3qxo7BC4CBjo0RXnA9aZO6YdUazOFAQn8NDGxlu2M3UsgsrvTZ38c9Y9qUwDA9jZv0T&vjs=3&p=4&sk=&fvj=0
Data Leakage Protection Engineer,https://www.indeed.com/pagead/clk?mo=r&ad=-6NYlbfkN0BeO_iQBcnhOqFThY3orEqV4d_46-uO9pYfN_WB6OBgwGOYAkJ1Mfn2RdqJ9AOITF6fqsK-qZB5pwHRp18gVVt89hdHsWwb9YZwyecLLylQGbj7-u_B3sw8qfE0WRp_i1VprPUutJ3I_cnJsZIORyGS1h1YaVUsIHP9M6BjzXUL2SxVsj8FuId-y-zXiQMK5IOEo-oRltPYUt4StHwLH30_mQ6dQvBs97jwh_V5kk6L3RoVinm0TlaYlrAC2BG9aGpfJPOK5kftXcSdYQevIbYMh2ctvob6XPqdKhhvDYepT1y3s5c5kYNAuYfthpjC45d9WeK-RLwsYr9kj8SixN_iaWNBf1T1mzp8zGlPP_o-gSp1ts8BnKqm9XpKqj04IJkKt4C0H8RPiGi0U5Cng8qltqTWYKv8o_r3T6P8jESTUGQZgVn20lolrE4zbC5zdhvLNASoTSln8GxhkZWzT5gksIMAGaG_7jE6FCJ-O5X2dQ==&vjs=3&p=5&sk=&fvj=1
Senior Research Analyst,https://www.indeed.com/rc/clk?jk=b5dbd39f2c9413e8&fccid=2c2386465bad2305&vjs=3
DHTS RESEARCH ANALYST,https://www.indeed.com/rc/clk?jk=c187a0b9dbf447b9&fccid=686538d3cb10c608&vjs=3
Data Engineer,https://www.indeed.com/company/Talent-Software-Solutions/jobs/Data-Engineer-1cfa657d340884e0?fccid=e479ab56099cbb1d&vjs=3
Google Cloud Data Engineer,https://www.indeed.com/company/ektello/jobs/Google-Cloud-Data-Engineer-5f141dc4eb2ffa9c?fccid=fd2e224f4e5a3b2e&vjs=3
"RESEARCH ANALYST II, DCRI -CENTER FOR INFORMING HEALTH DECISIONS",https://www.indeed.com/rc/clk?jk=cf2419b28e20482d&fccid=686538d3cb10c608&vjs=3
Research Analyst - Spanish Speaking,https://www.indeed.com/rc/clk?jk=51d2f520bdb56593&fccid=c4ba6202af4dda9d&vjs=3
Postdoctoral Researcher - Learning Analytics and Educational Data Science,https://www.indeed.com/rc/clk?jk=857fa42d8f76a50a&fccid=9a199e21f9f95369&vjs=3
Workday Reporting Business Analyst,https://www.indeed.com/rc/clk?jk=db0ad2cc2c5508b6&fccid=033b673c9c5dc788&vjs=3
Big Data Engineer,https://www.indeed.com/rc/clk?jk=77f2ffbdc588d785&fccid=e127f4594cdf24f4&vjs=3
Artificial Intelligence/Machine Learning Research Engineer,https://www.indeed.com/rc/clk?jk=40a095605ce3fa64&fccid=600e6abd00b4b668&vjs=3
title,link
Data Scientist,https://www.indeed.com/pagead/clk?mo=r&ad=-6NYlbfkN0BMutaQklePxOsn9aiCK_xhuuuRqkQGCpMSltrBRHRJETG9o_AxQUXDsAGpR4nxJRxy3Se99hi4Ki-5KascRm0IZl0XER22JdJJaayE7ydBjrvI9kPMQtWeHutc2KyRdabqqRriY9QnosYBMtUHCV-0gFjnrNtK94UgdQJRuSrsuliwlgDi4s8bYER-ja5sOZONKHQK3aPQqU1g7MUY0Bo8UfNtJlMJB8zbwfx52qnIFp8a580dC8OcG1OoBctWn7-9-KwfQrqPO97SJBKw5Fwd61eaU4RqcnOwp8oAbt3N7uoGoVC4Ske99ah7Qrp0Fej5vG1EBTWNqF74SOL7MANY_qWr2Oo41cepJV-jf9Q-4JApI3KhsTamtpcnV4ShMa8ex0mrNls5CAkhBgu_TfyWdQEVPEDR-y2BmBouCDkjZOwZEkhnUsk3Lx1F5AcYitzVpxxLXnmgB40Vy1WCxnjQD28-S0keD3o=&vjs=3&p=1&sk=&fvj=0
Data Leakage Protection Engineer,https://www.indeed.com/pagead/clk?mo=r&ad=-6NYlbfkN0D16aQl52fI8micf27MiSkWm9GbkD2dcFU2SdD6fjBnDwIuF1BhsGnZ3r-VslSoAARsSx60YzP08OmwlZPJIc1rp-3KWlU6LkaLtcbEvKrmQlFqYpHw8Rd8PBVMGpHIyJv-b1HBR7wwrHSRTwrwevUMCdhA05Ol2ox2ZxXWD2-mw2IAqug6IKXJ_BJJZ59auDVOhXUB2KNYE7q33nyCqa5N5zVQnq5xC_FZxe7hoTN_kHdagV239Prrp-vTzah35JbWe8ga854QmkUOb-fJRxux6cxw_F8c4P-LCDPP23jsaP96GonguqSgGlO0JDPhH-Jjzd1G19SxRDRK9pl-4dm9ptOnwIIQEc-ba0_7gxPGmNRFZfxPDBM6WbufRE8bJhdL0Mv6bZucTUkYGYFMzST4Ffna2HW1pOGOefS0fLh9BRfllSkEdF7k8NcbzwsIN5oNrcqGs7b1WkR56uvPbUI79XHupDZ-7Eo=&vjs=3&p=2&sk=&fvj=1
Data Scientist: Data Analytics / Machine Learning,https://www.indeed.com/pagead/clk?mo=r&ad=-6NYlbfkN0Dd8-Oq0kVDr9-mjkXUoeX1Tr_vzCrfA1lrGnCVlpJgql7D69yUYzxGIEaFJKlRY8QQGGuG-L6rI1yGvHx2_672w0QMlUrmm6swp_9r4zOLdwfMcwi2Mrj9dj4CNl_BpKOw6uSjKOvzhn68Q9prubXtBgJj-a9ubDP0DTFz1ZYMjAqJ7wk3SebSDgDuUtzJgZLlFbp2uuXOfjqQmTSwu4MMr6Sj2-IgoklXhtb6xgoHJzTouqISBq1e5bs0HqqurR77ZDHVCgLnxZD2VuinFoFJPAfgdZqbs6lK0ti1kNX05oVTbCcXRZEpfm-64OYUPp4fL6KysRy5FnqHCGuCcPLipGMA-aXQkp2q7mE12uT3czT9OvnfNsbvr6Y4Oc4khxaOCHREFlSeKZEgcVPlBlz_48Nc_ru35i2FB10Isvp5XAZ0-4IMhkoH3oCZ2gk7qAX8nxH_G3_i5jQF1ZnTNrCIjcAmcSyCWglRhbhzp_vPvDIfujBkBFwRpwo3b6eNcIlk6Qj6xbUviWRJCGN_Zjp0&vjs=3&p=3&sk=&fvj=0
Data Leakage Protection Engineer,https://www.indeed.com/pagead/clk?mo=r&ad=-6NYlbfkN0BeO_iQBcnhOqFThY3orEqV4d_46-uO9pYfN_WB6OBgwGOYAkJ1Mfn2RdqJ9AOITF6fqsK-qZB5pwHRp18gVVt89hdHsWwb9YZwyecLLylQGbj7-u_B3sw8qfE0WRp_i1VprPUutJ3I_cnJsZIORyGS1h1YaVUsIHNd7jTXBsXpQIaGzM2N1I4slxAuFjUU6cZY41HzdWAH2OrUDSdLZaogf7KnJEAZphRGdfpXPpfnlz90XrPtYqYTbu7z3hGGqH0FWO6cigVHQ66jLVweOBmUPb3YwBoskOCSjueeRbi_ofF01z67SERcZRkAxFp5KMkT9s5PKtc0gX-AJU_CgUhyV0M4Ln9V0_36xddwipPB3L_gMI1nHIfuY2mptcoNcLXnpaDjCDWgSTP0pShzfwZOGKNYVd1e2MwtrTtnmf3zMpS5N_i02GKzvUBbe2dDpoIPWoWGCIaB8-tut_pEC2CNsbcsinRyS7ReP1GveavNFQ==&vjs=3&p=4&sk=&fvj=1
"Data Analyst, International",https://www.indeed.com/pagead/clk?mo=r&ad=-6NYlbfkN0CkGqy-oleOp60jhdWOneZwHlkkGHCcxbMb14W8qhu9HEuxjNDXy8o1HHznIxVo-M_XwjxM1fx5hQpfqOadpP2jobPh3dnHxzUM2RyNB5sTeT1NyT5UAHSjkd9OIY8bHw_kvBlMjaDhBZ4Y4P8Rc8prkJsTSiDCInUHwdvAkV4BItdRDdKg6RuOagoeNUYa71BE0KtobS7vutOYMwvhTavQ7gw6I1_G9yEU8eFTPNlCew-crkylGOUFDyGSLzpDpeIBxBh-OomeZ8Tk9IMIKncICIol7S1PX26QJIQ26AgbXmd_VuQ_mSnD5xL5xhQjwN58FHovYiA3vqZ5ZrlNm3Tq4Ju3OB6UAVZNESyRbmWRdTguyskr52K2IpEkKy3G2KjTfm1RsYOZ1R1leNSgUNBiFtDka-b3tkrhAWyyjJ167AlJgRF5w4aGn55MS1Ywdotn-NP2JzgYisUeWIifujrIB0pJ24YCYYB1r0VifXLYXBUG2ZQbyDVz4cLmokrwMSETOf1gk_hNwOTOID0KQUgm&vjs=3&p=5&sk=&fvj=0
Senior Data Scientist: Data Analytics / Machine Learning,https://www.indeed.com/pagead/clk?mo=r&ad=-6NYlbfkN0Dd8-Oq0kVDr9-mjkXUoeX1Tr_vzCrfA1lrGnCVlpJgql7D69yUYzxGIEaFJKlRY8RvU3sIM8gc8MaxmVAcyBEqr-rYiu6zrJRodVsLu0_3aBo8lcpDXQd3e4GkvR1AMUgP_6Qz6h4wtoZr_dL0OKqzPcvslKM_LNRT7o8_FFtOyavWZ9GMtLTSvuuWu-0DtIaCt_9DXead0c_NAAD3lQfFrQbIQwSIbjTfpJ-KFYVh4R3ycOg9FSowXvlMHNsFrLIdUzhLSuaJK6NuA4AfAjGLXIKcHvoijA1Oe0eSjxdq9pS72JYg7s5qy9O57wD2DXbTUM3qtMAIiTugodUIKxbYGSgDO86-VbSF-eh07JJkQWlajPYPslI_mIprw5P7UfWeLXd-V3QPmFJNFIC0Z8JRoDm_zipJ51KyfmezCrHVViCTftQ2LATYcermwMqK99_eR7sZ7fYGXTSIIz5BZEpDBDLD0UgUlSydADxPsUSBfasiLR4zNTfKR6Xn0b775qEI4cSqTmwxA41CbxXxE-4p&vjs=3&p=6&sk=&fvj=0
Data Scientist - Big Data,https://www.indeed.com/company/the-star-quadrant/jobs/Data-Scientist-6a51156d9ff40010?fccid=250094e862778aad&vjs=3
Data Engineer for a SaaS Analytics Startup,https://www.indeed.com/company/Affluent/jobs/Data-Engineer-Saas-Analytic-Startup-4b6c99298bc2b180?fccid=b3e273291b00794e&vjs=3
Data Engineer,https://www.indeed.com/company/Magna-Systems-international/jobs/Data-Engineer-d977d1e01105a3f9?fccid=1b8b5841a73079b6&vjs=3
Business Analyst,https://www.indeed.com/rc/clk?jk=bce2378117d13610&fccid=679aea3b529f8f45&vjs=3
Data and Visual Analytics Engineer,https://www.indeed.com/rc/clk?jk=73ab6e070c37ff99&fccid=766bea59eeb16dc7&vjs=3
Data Engineer,https://www.indeed.com/company/Talent-Software-Solutions/jobs/Data-Engineer-1cfa657d340884e0?fccid=e479ab56099cbb1d&vjs=3
Lab Research Analyst I - DGHI,https://www.indeed.com/company/Duke-University-Health-Systems/jobs/Lab-Research-Analyst-37da64cb3b39b0cb?fccid=686538d3cb10c608&vjs=3
Feasibility Research Analyst 1,https://www.indeed.com/rc/clk?jk=aea0a646ded4c6ea&fccid=6b7a1dfe07e7f037&vjs=3
BI Developer/Data Scientist,https://www.indeed.com/rc/clk?jk=26defbbb43bec6fb&fccid=a46e9ade487bac59&vjs=3
1247982 - Data Center Routing and Switching Support Engineer,https://www.indeed.com/rc/clk?jk=ec983c07a87a2775&fccid=dfc44f3b8c44a6db&vjs=3
title,link
Data Scientist,https://www.indeed.com/pagead/clk?mo=r&ad=-6NYlbfkN0BMutaQklePxOsn9aiCK_xhuuuRqkQGCpMSltrBRHRJETG9o_AxQUXDsAGpR4nxJRxy3Se99hi4Ki-5KascRm0IZl0XER22JdJJaayE7ydBjrvI9kPMQtWeHutc2KyRdabqqRriY9QnoiAR-j0QK-w1dFE5Z7Jcz_Zzmr2dPgFoIsFPoNS6yNFrlIN-A3fR8VypKix5fCG6ZIqdIrVtJI2nxXNrldUDYIf28K4gPoFTYhrf_2wMpgu94T9dqRoFG26j1sNXL3H9BZ135Hh3bEFZ_jNw49UBJrbshQv52i0WXR2MSHnhq9uymVN8Lj27C_kBV7TBuY1Ev4TWptJqni2lDbvMFn_WunZxmx0_o7gB-uOd64Rf4cDln8SJ1b3zgDO4jxsLtthzuqZQfExGjv6_DCyX8XT5tMaQSDDlMm1xLq-btjKdhsugIMRRBxYyDOytSgF_18AdtowYRtlGW5AEhj8b1ilEygY=&vjs=3&p=1&sk=&fvj=0
Data Leakage Protection Engineer,https://www.indeed.com/pagead/clk?mo=r&ad=-6NYlbfkN0D16aQl52fI8micf27MiSkWm9GbkD2dcFU2SdD6fjBnDwIuF1BhsGnZ3r-VslSoAARsSx60YzP08OmwlZPJIc1rp-3KWlU6LkaLtcbEvKrmQlFqYpHw8Rd8PBVMGpHIyJv-b1HBR7wwrHSRTwrwevUMCdhA05Ol2oy9oUgMANCgRMBXdoZGGaYdD-UORsdSJYn5mtjGr7-3aOEoqOq82IAqPHXkbM0xvN9a-Hw1yqL52FjndiXCOAuH73-Ase-XbQ1LsJVo0yu6RDmiZRv5CKaGioYQaPDkaugIEI26_QM8dha4Kile4gkW7qaVSc6VzddS2_ynyZZF3Pz51AUbNmSDoUxYnZeE9Hx8rg8NVO12G_OeJAHm_dwfM8n_KCGpi3v4m3gA2Sfep58_OLGNcv_DdQ9l84eH5J5EsDw4CCUbew72LiEE3IE_qezDsd1kLazyHaLv2ns8l67piNMyYwalKye6xyLtXuA=&vjs=3&p=2&sk=&fvj=1
Data Scientist: Data Analytics / Machine Learning,https://www.indeed.com/pagead/clk?mo=r&ad=-6NYlbfkN0Dd8-Oq0kVDr9-mjkXUoeX1Tr_vzCrfA1lrGnCVlpJgql7D69yUYzxGIEaFJKlRY8QQGGuG-L6rI1yGvHx2_672w0QMlUrmm6swp_9r4zOLdwfMcwi2Mrj9dj4CNl_BpKOw6uSjKOvzhn68Q9prubXthTExSYIlh9zmQZl7mJ09sXzRDvOfoztGVPdrKBsNp_lr62G-VoQ7OcuLayFeclYB6HlrXQTNwG56qJepyCdSE8IMTJEFjUTudL43dwGzDRtbUt2x8oLFq2vPCYM9HbHsyYHRTg_K9kgqDOqn9CgI9jPir6j6vRM4hVprFN22v07A04fJU7eBt25ZYfhiMgEuhiPh_QZMkSZuPh94DANSLd1ZEzrcGb9qAgILaWp-WKF5Ipl1nuDjnkuXXuuLxWGcduRrHMz-ki6K31Z_nUTmkQBL6BF5lK7q1qf54F7wLFDKrvTgJA15si9j3HO7RpDCS7OxODaB4wL0kJ10rDPtjkvfoEu8hBmUgmpWftT-9QvFDNrgQLXNLYjnACThgNps&vjs=3&p=3&sk=&fvj=0
Data Leakage Protection Engineer,https://www.indeed.com/pagead/clk?mo=r&ad=-6NYlbfkN0BeO_iQBcnhOqFThY3orEqV4d_46-uO9pYfN_WB6OBgwGOYAkJ1Mfn2RdqJ9AOITF6fqsK-qZB5pwHRp18gVVt89hdHsWwb9YZwyecLLylQGbj7-u_B3sw8qfE0WRp_i1VprPUutJ3I_cnJsZIORyGS1h1YaVUsIHMUqQV1UM_q2M7l1CcJPE3bcUPhc_8ZTYPRBaNSGqiBNRxwaj6euiXs6Q_PbDzPptKUOat69HaYAJetq2Sit1E1H7q-yCzsN_R7ZyZNSmIjLhIzdLvj80RZh1HaSXVmdtZSPZnyc_6By-gcLVheCSqgz2hlwy-ToRjGSyYaSNA2eFMt7m4N1mIsVJ3lMKWgPQRogwffyMxuMD_kQ2IQJwhnCt5K2veelzrJ5kRsqlReEK8dHd_9yc452boEIp2RxaVpvJIM4RlAxLWDt-nj1ZHKiseyI2diAWlkygNnZOVD8HnBUoy2Kc2ctuzY27G2AMB6FihUtXl90A==&vjs=3&p=4&sk=&fvj=1
"Data Analyst, International",https://www.indeed.com/pagead/clk?mo=r&ad=-6NYlbfkN0CkGqy-oleOp60jhdWOneZwHlkkGHCcxbMb14W8qhu9HEuxjNDXy8o1HHznIxVo-M_XwjxM1fx5hQpfqOadpP2jobPh3dnHxzUM2RyNB5sTeT1NyT5UAHSjkd9OIY8bHw_kvBlMjaDhBZ4Y4P8Rc8prV5333JXqMZgOJeb4PFnQchXr9jQeUcei5AD0j2_eYAK8sFeHqIkdF6G2DAG93FYFTl76Vh4wIrEkv_u3tyYQ-w4auFfqN3RfrrsSYOrJNF-NWh8-VGYvLlgarqe9cyo1kKBziBC6HvieCtaHI_uGb59hDdoqUrZnDQsH_tt_2RVurixwxhxY2siWMaRtfy2g8dsbpZ5i9CJTVqTBRmglhHq-ExjcdACuizm2SI4Ly6AUWhKO5GjqhxyIk7mYi-v1epPZVLEQaqW1won81JI_u91ZrG8hLMHkGchsVAxyirSG_nBiOJlv2itVVKqD44UjjZ96OGC0E1gckE3jjlMl_Rk1-t3ATp8HasilCcBl_JspcBbz_cF60puIq5P666Rk&vjs=3&p=5&sk=&fvj=0
Senior Data Scientist: Data Analytics / Machine Learning,https://www.indeed.com/pagead/clk?mo=r&ad=-6NYlbfkN0Dd8-Oq0kVDr9-mjkXUoeX1Tr_vzCrfA1lrGnCVlpJgql7D69yUYzxGIEaFJKlRY8RvU3sIM8gc8MaxmVAcyBEqr-rYiu6zrJRodVsLu0_3aBo8lcpDXQd3e4GkvR1AMUgP_6Qz6h4wtoZr_dL0OKqzr7tegoZQBHdzTqPLScwtffqxHFOn9RAKBNW_HwQikvaToUcIE5QsBIBNFTmp_DAW9ii_VRCA1sTkTDJfKIw0pOlcT2I4f0_5ftzd0kyHj29GZ7mCAk1AYReX4jFiwYy65oJT65N6NufRfaj35mN5GB8WgARssrUE3kv7QzyYjLLUmY1c1hbPanZ4wHZnZw7zIjcoX2IVWLYyn1yWCW3ByLczR4BZFQDxWc7OQLOa1BOTiLUkK5AGAbROxnb9GYDfk8tK5Ne9IGfn2Zs_9NpShmYbiSSG3t9pbwo_v9U7r3Xmoy7qRoWMgoMky2z80V52eFslPY3ppkzCkpSIhNkrVxS8c-fMGmY6__TLllLHrRdA7-1tHoPQdOo9wzGZLuja&vjs=3&p=6&sk=&fvj=0
Python Data Engineer,https://www.indeed.com/rc/clk?jk=776ea04bd5d9c8ee&fccid=e24a60f01d1882d1&vjs=3
Data Leakage Protection Engineer,https://www.indeed.com/company/The-Verlyn-Group/jobs/Data-Leakage-Protection-Engineer-ad8f25900c15d46a?fccid=cd91eb299818747b&vjs=3
Data Scientist: Data Analytics / Machine Learning,https://www.indeed.com/rc/clk?jk=c59592ab7018d9e2&fccid=88f5eba43de70e76&vjs=3
Postdoctoral Associate in Machine Learning for Medical Imaging,https://www.indeed.com/company/Duke-University/jobs/Postdoctoral-Associate-Machine-Learning-Medical-Imaging-c4e3d8ac5a5c752f?fccid=e7f8960941757ea0&vjs=3
Data Scientist,https://www.indeed.com/rc/clk?jk=775d570f697fa1ae&fccid=096454380bc6141a&vjs=3
Senior Data Scientist,https://www.indeed.com/company/Sky-Consulting/jobs/Senior-Data-Scientist-45b62a41f253a030?fccid=5e049852524685ca&vjs=3
Data Protection Services Engineer,https://www.indeed.com/rc/clk?jk=c018e9b06bdeeae3&fccid=04233dcb6353e8e1&vjs=3
eTMF Analyst,https://www.indeed.com/rc/clk?jk=5e5e64595f8bd1c9&fccid=6b7a1dfe07e7f037&vjs=3
Sr. Data Scientist-Healthcare Quality,https://www.indeed.com/rc/clk?jk=bf9aad1fe95e694c&fccid=afbf8c270610a38a&vjs=3
Watson Financial Crimes Insight Data Scientist,https://www.indeed.com/rc/clk?jk=3298c9c56554b7d6&fccid=de71a49b535e21cb&vjs=3
title,link
Data Scientist,https://www.indeed.com/pagead/clk?mo=r&ad=-6NYlbfkN0BMutaQklePxOsn9aiCK_xhuuuRqkQGCpMSltrBRHRJETG9o_AxQUXDsAGpR4nxJRxy3Se99hi4Ki-5KascRm0IZl0XER22JdJJaayE7ydBjrvI9kPMQtWeHutc2KyRdabqqRriY9QnoiAR-j0QK-w1dFE5Z7Jcz_Zzmr2dPgFoIsFPoNS6yNFrlIN-A3fR8VypKix5fCG6ZIqdIrVtJI2nxXNrldUDYIf28K4gPoFTYhrf_2wMpgu94T9dqRoFG26j1sNXL3H9BZ135Hh3bEFZ_jNw49UBJrbshQv52i0WXR2MSHnhq9uymVN8Lj27C_kBV7TBuY1Ev4TWptJqni2lDbvMFn_WunZxmx0_o7gB-uOd64Rf4cDln8SJ1b3zgDO4jxsLtthzuqZQfExGjv6_DCyX8XT5tMaQSDDlMm1xLq-btjKdhsugIMRRBxYyDOytSgF_18AdtowYRtlGW5AEhj8b1ilEygY=&vjs=3&p=1&sk=&fvj=0
Data Leakage Protection Engineer,https://www.indeed.com/pagead/clk?mo=r&ad=-6NYlbfkN0D16aQl52fI8micf27MiSkWm9GbkD2dcFU2SdD6fjBnDwIuF1BhsGnZ3r-VslSoAARsSx60YzP08OmwlZPJIc1rp-3KWlU6LkaLtcbEvKrmQlFqYpHw8Rd8PBVMGpHIyJv-b1HBR7wwrHSRTwrwevUMCdhA05Ol2oy9oUgMANCgRMBXdoZGGaYdD-UORsdSJYn5mtjGr7-3aOEoqOq82IAqPHXkbM0xvN9a-Hw1yqL52FjndiXCOAuH73-Ase-XbQ1LsJVo0yu6RDmiZRv5CKaGioYQaPDkaugIEI26_QM8dha4Kile4gkW7qaVSc6VzddS2_ynyZZF3Pz51AUbNmSDoUxYnZeE9Hx8rg8NVO12G_OeJAHm_dwfM8n_KCGpi3v4m3gA2Sfep58_OLGNcv_DdQ9l84eH5J5EsDw4CCUbew72LiEE3IE_qezDsd1kLazyHaLv2ns8l67piNMyYwalKye6xyLtXuA=&vjs=3&p=2&sk=&fvj=1
Data Scientist: Data Analytics / Machine Learning,https://www.indeed.com/pagead/clk?mo=r&ad=-6NYlbfkN0Dd8-Oq0kVDr9-mjkXUoeX1Tr_vzCrfA1lrGnCVlpJgql7D69yUYzxGIEaFJKlRY8QQGGuG-L6rI1yGvHx2_672w0QMlUrmm6swp_9r4zOLdwfMcwi2Mrj9dj4CNl_BpKOw6uSjKOvzhn68Q9prubXthTExSYIlh9zmQZl7mJ09sXzRDvOfoztGVPdrKBsNp_lr62G-VoQ7OcuLayFeclYB6HlrXQTNwG56qJepyCdSE8IMTJEFjUTudL43dwGzDRtbUt2x8oLFq2vPCYM9HbHsyYHRTg_K9kgqDOqn9CgI9jPir6j6vRM4hVprFN22v07A04fJU7eBt25ZYfhiMgEuhiPh_QZMkSZuPh94DANSLd1ZEzrcGb9qAgILaWp-WKF5Ipl1nuDjnkuXXuuLxWGcduRrHMz-ki6K31Z_nUTmkQBL6BF5lK7q1qf54F7wLFDKrvTgJA15si9j3HO7RpDCS7OxODaB4wL0kJ10rDPtjkvfoEu8hBmUgmpWftT-9QvFDNrgQLXNLYjnACThgNps&vjs=3&p=3&sk=&fvj=0
Data Leakage Protection Engineer,https://www.indeed.com/pagead/clk?mo=r&ad=-6NYlbfkN0BeO_iQBcnhOqFThY3orEqV4d_46-uO9pYfN_WB6OBgwGOYAkJ1Mfn2RdqJ9AOITF6fqsK-qZB5pwHRp18gVVt89hdHsWwb9YZwyecLLylQGbj7-u_B3sw8qfE0WRp_i1VprPUutJ3I_cnJsZIORyGS1h1YaVUsIHMUqQV1UM_q2M7l1CcJPE3bcUPhc_8ZTYPRBaNSGqiBNRxwaj6euiXs6Q_PbDzPptKUOat69HaYAJetq2Sit1E1H7q-yCzsN_R7ZyZNSmIjLhIzdLvj80RZh1HaSXVmdtZSPZnyc_6By-gcLVheCSqgz2hlwy-ToRjGSyYaSNA2eFMt7m4N1mIsVJ3lMKWgPQRogwffyMxuMD_kQ2IQJwhnCt5K2veelzrJ5kRsqlReEK8dHd_9yc452boEIp2RxaVpvJIM4RlAxLWDt-nj1ZHKiseyI2diAWlkygNnZOVD8HnBUoy2Kc2ctuzY27G2AMB6FihUtXl90A==&vjs=3&p=4&sk=&fvj=1
"Data Analyst, International",https://www.indeed.com/pagead/clk?mo=r&ad=-6NYlbfkN0CkGqy-oleOp60jhdWOneZwHlkkGHCcxbMb14W8qhu9HEuxjNDXy8o1HHznIxVo-M_XwjxM1fx5hQpfqOadpP2jobPh3dnHxzUM2RyNB5sTeT1NyT5UAHSjkd9OIY8bHw_kvBlMjaDhBZ4Y4P8Rc8prV5333JXqMZgOJeb4PFnQchXr9jQeUcei5AD0j2_eYAK8sFeHqIkdF6G2DAG93FYFTl76Vh4wIrEkv_u3tyYQ-w4auFfqN3RfrrsSYOrJNF-NWh8-VGYvLlgarqe9cyo1kKBziBC6HvieCtaHI_uGb59hDdoqUrZnDQsH_tt_2RVurixwxhxY2siWMaRtfy2g8dsbpZ5i9CJTVqTBRmglhHq-ExjcdACuizm2SI4Ly6AUWhKO5GjqhxyIk7mYi-v1epPZVLEQaqW1won81JI_u91ZrG8hLMHkGchsVAxyirSG_nBiOJlv2itVVKqD44UjjZ96OGC0E1gckE3jjlMl_Rk1-t3ATp8HasilCcBl_JspcBbz_cF60puIq5P666Rk&vjs=3&p=5&sk=&fvj=0
Senior Data Scientist: Data Analytics / Machine Learning,https://www.indeed.com/pagead/clk?mo=r&ad=-6NYlbfkN0Dd8-Oq0kVDr9-mjkXUoeX1Tr_vzCrfA1lrGnCVlpJgql7D69yUYzxGIEaFJKlRY8RvU3sIM8gc8MaxmVAcyBEqr-rYiu6zrJRodVsLu0_3aBo8lcpDXQd3e4GkvR1AMUgP_6Qz6h4wtoZr_dL0OKqzr7tegoZQBHdzTqPLScwtffqxHFOn9RAKBNW_HwQikvaToUcIE5QsBIBNFTmp_DAW9ii_VRCA1sTkTDJfKIw0pOlcT2I4f0_5ftzd0kyHj29GZ7mCAk1AYReX4jFiwYy65oJT65N6NufRfaj35mN5GB8WgARssrUE3kv7QzyYjLLUmY1c1hbPanZ4wHZnZw7zIjcoX2IVWLYyn1yWCW3ByLczR4BZFQDxWc7OQLOa1BOTiLUkK5AGAbROxnb9GYDfk8tK5Ne9IGfn2Zs_9NpShmYbiSSG3t9pbwo_v9U7r3Xmoy7qRoWMgoMky2z80V52eFslPY3ppkzCkpSIhNkrVxS8c-fMGmY6__TLllLHrRdA7-1tHoPQdOo9wzGZLuja&vjs=3&p=6&sk=&fvj=0
Data Engineer,https://www.indeed.com/company/Magna-Systems-international/jobs/Data-Engineer-d977d1e01105a3f9?fccid=1b8b5841a73079b6&vjs=3
Data and Visual Analytics Engineer,https://www.indeed.com/rc/clk?jk=73ab6e070c37ff99&fccid=766bea59eeb16dc7&vjs=3
Data Scientist - Big Data,https://www.indeed.com/company/the-star-quadrant/jobs/Data-Scientist-6a51156d9ff40010?fccid=250094e862778aad&vjs=3
Machine Learning Researcher,https://www.indeed.com/rc/clk?jk=1a4a7a3bfc25bef2&fccid=600e6abd00b4b668&vjs=3
Senior Data Scientist,https://www.indeed.com/rc/clk?jk=891aaeba354bd992&fccid=0918a251e6902f97&vjs=3
Machine Learning Instructor,https://www.indeed.com/rc/clk?jk=0f663c066739ade2&fccid=fa7a19e77ee78ce4&vjs=3
Workload & Operations Research Analyst,https://www.indeed.com/rc/clk?jk=9551b3ee1c2f02c1&fccid=9e215d88a6b33622&vjs=3
DATABASE ANALYST I,https://www.indeed.com/rc/clk?jk=32433ec6219fefda&fccid=686538d3cb10c608&vjs=3
Business Analyst,https://www.indeed.com/rc/clk?jk=bce2378117d13610&fccid=679aea3b529f8f45&vjs=3
Data warehouse Engineer I,https://www.indeed.com/rc/clk?jk=ad491397676e898e&fccid=f576c6cd9189f128&vjs=3
title,link
Data Scientist,https://www.indeed.com/pagead/clk?mo=r&ad=-6NYlbfkN0BMutaQklePxOsn9aiCK_xhuuuRqkQGCpMSltrBRHRJETG9o_AxQUXDsAGpR4nxJRxy3Se99hi4Ki-5KascRm0IZl0XER22JdJJaayE7ydBjrvI9kPMQtWeHutc2KyRdabqqRriY9Qnok8dn_0VKKT64j-y2WzEw8kGzxSOpIFpQlkza9NOIQYlNm4s8jBe5K6RCjHv07ARLWXs55U9dgfRtq4mWL8ocouhV9LLioTzIMDq5JsexrXTeZCfu2dPXPonn58w1Hep6cSjkDEJ6IflDdVKvGPm91gQ8ENf6iayrG2iGVl4LYBogl9GJSfLT6s3aYLFp8bNQwXBadfo7R45xWeV2ZwEQxBuOZefvl-5ms4mtdzgY8l0ij8kL2mksIevaLtuqYOnAGerfU1BoJU-JErwCXeuZ-KNGnzGHWYyvbt53P_Bch-2gdckqvEfWUDBpmlKo-z0E1ek0gp-j3HyRuyCkWS9SpY=&vjs=3&p=1&sk=&fvj=0
Data Leakage Protection Engineer,https://www.indeed.com/pagead/clk?mo=r&ad=-6NYlbfkN0D16aQl52fI8micf27MiSkWm9GbkD2dcFU2SdD6fjBnDwIuF1BhsGnZ3r-VslSoAARsSx60YzP08OmwlZPJIc1rp-3KWlU6LkaLtcbEvKrmQlFqYpHw8Rd8PBVMGpHIyJv-b1HBR7wwrHSRTwrwevUMCdhA05Ol2ozAyEZYHdifDAnQfmi6PbCKHJyqqA3X_3P4P5CRS9G3IfVcJLCMDgSkyRUC5LfBcSEmSlObrBKA5UKty9ehct2pnqEC7-NaZMG-EdtuXwUSRJMQ46nu-4cxxTOhp6w6c-x2tcOwj-4XmTVIRwNVfaVJ_GDyQGwxaOJlHIdzy84kN8iDEgfuWvGfmj-Ih_wYq4H30GL2z4TCgEH6FIjrN2xmq8rsGvkARMe8JzvxsaozNkHDvELXL50e_qOZ6Zg1GjAKXr6vO-3rbP9g5EgUaJ4cAy_iwLJFvYyFWnNj9U2vSAEoBxth-uL4-yuo9EpQgW4=&vjs=3&p=2&sk=&fvj=1
Data Scientist: Data Analytics / Machine Learning,https://www.indeed.com/pagead/clk?mo=r&ad=-6NYlbfkN0Dd8-Oq0kVDr9-mjkXUoeX1Tr_vzCrfA1lrGnCVlpJgql7D69yUYzxGIEaFJKlRY8QQGGuG-L6rI1yGvHx2_672w0QMlUrmm6swp_9r4zOLdwfMcwi2Mrj9dj4CNl_BpKOw6uSjKOvzhn68Q9prubXtwgx6NSUW7ThGB-bJKVefZxsXO0tUffgMRWOoA8b0pWuwVZmkOqLj4o3lTyMoq4WcU_8pbawg_ziBIxLQ_ulzKKoWBCvC3arY90cKTd3DmStCStlriu2674GD6CLOe4cCFUNYVFUPkwAdZphfQcVfFxgmS6nJA0K5Xq-3ZgE-UF6WJ2973Bge7uc3pKQQiKkc4oN-qAnJf0RS8zxhFYEqCKQi_FYWIBdc3zqBotqXSR6OokXsPVDZD2Sg4SSYE0rBAiQRlzh4OqPqa1NUtm0pSBsGJpNVSDS2HRis9LoVgUFex0BKRXIPHt_e-G1Ahc7PDCW1x0zHf8g_pTIbO30EuSITMnsADRdcQYGci29-7YSuAMCwcV6Dzq50W2cArlQS&vjs=3&p=3&sk=&fvj=0
Data Leakage Protection Engineer,https://www.indeed.com/pagead/clk?mo=r&ad=-6NYlbfkN0BeO_iQBcnhOqFThY3orEqV4d_46-uO9pYfN_WB6OBgwGOYAkJ1Mfn2RdqJ9AOITF6fqsK-qZB5pwHRp18gVVt89hdHsWwb9YZwyecLLylQGbj7-u_B3sw8qfE0WRp_i1VprPUutJ3I_cnJsZIORyGS1h1YaVUsIHPyxcKAvWHbObsBDirM6Ewecm4ArpK7IRZrAlmSVkf75xCz8fqDj7RhMScTlV322Y3NyCbGIy2bD0jjLy310s20yYmkVuh6_VZaf8Cty8PdaHhX_ybary_4G54OVHrxsJcCs-GQsFevhU2kXy7IPDxbol6UTWvWIsim_LSwUaWWp-RF2ggnaRI6wP2vODYLOEF3iUk78OeAFzSaQBS42SExjXFHfnliF20Gr6lDj755L-275mAcXzY5GzNtOKjObBBpyP5-LYXUQzHjh17QEBDwMFj9yd_IPqRTEcmz4paegbRcs_xyTVohMk5LWPNLCeNK6mVhsCXNDg==&vjs=3&p=4&sk=&fvj=1
"Data Analyst, International",https://www.indeed.com/pagead/clk?mo=r&ad=-6NYlbfkN0CkGqy-oleOp60jhdWOneZwHlkkGHCcxbMb14W8qhu9HEuxjNDXy8o1HHznIxVo-M_XwjxM1fx5hQpfqOadpP2jobPh3dnHxzUM2RyNB5sTeT1NyT5UAHSjkd9OIY8bHw_kvBlMjaDhBZ4Y4P8Rc8prRX67tfV7PrQIaTGaBMOIxrrFjm7W7K4UMRfbeO5TXbYoUUrj-3DBLRJL3MWcS0kLePbwsxFx5KzZdb-IbTFWxmGuEXAA236VTK-hW6Zy3XM59rVA6pI8j_Ye-sITYDxI3FQan7D0QKj9UzZnt5cKimx4DaFlKTDIYWVlUB9VxCtllIjGOy3temGwz6S5ax0f7kAxxSV6fW_arSpVLiLvgZhNnIU5hhkEkvY-5XfvmkSvcr_7MuNvmPUiyxfgEyH5_kTnGd_ztXzAv_kjWw_jDhe-LNmqKYKYx9hcPc8VjKLXP8mXk5E_g_I3EaW3gwbgpIPg0iwnDYMikdKJQ4eGSWo5d91tmjkAFmWB9gIuSyCRDIgZg9pz0ky9uR18M14J&vjs=3&p=5&sk=&fvj=0
Senior Data Scientist: Data Analytics / Machine Learning,https://www.indeed.com/pagead/clk?mo=r&ad=-6NYlbfkN0Dd8-Oq0kVDr9-mjkXUoeX1Tr_vzCrfA1lrGnCVlpJgql7D69yUYzxGIEaFJKlRY8RvU3sIM8gc8MaxmVAcyBEqr-rYiu6zrJRodVsLu0_3aBo8lcpDXQd3e4GkvR1AMUgP_6Qz6h4wtoZr_dL0OKqzGmskWFA_ovoY2sgygpHcyEf-A3SpWjcpGNZtaXVNj787n7ML-Yw2baz-37R-3IhmaLbSgfAKDsHBqASR6VtKFnqz3j25lbcBVoYaSmraCTpgMMMGGMSIksWs3-JltBZEQjSko-mQJ8VrrNHqMXGIlMUr5dZEsea1L5FCqG2R4bPu3xOSzO6xR85WkrHgg-9uDAuHUa7g_COsZfmBtJDza2BI3ZuH_ag9gHVToaceM4BDvx90P3UVrr2idX4c4Dze29B1QLtiIQ7VlZjVJEVCpMgnTrc4tljff5hrda6Qt0nqWwVQ03J-7ibyPQwSS_cPAII3UP7upfao_aezeP7LcqlEiEIKRGJ7_xGSYM4knXDlkQ2NZG3YbLw3LLHtdPXw&vjs=3&p=6&sk=&fvj=0
Azure Data Engineer,https://www.indeed.com/rc/clk?jk=f3c75f17714c79f2&fccid=faa7db32646b6ffc&vjs=3
Big Data Engineer,https://www.indeed.com/rc/clk?jk=77f2ffbdc588d785&fccid=e127f4594cdf24f4&vjs=3
Software Engineer Data Services,https://www.indeed.com/rc/clk?jk=6f4b3f3807c400a0&fccid=216eb700022de6f6&vjs=3
Artificial Intelligence/Machine Learning Research Engineer,https://www.indeed.com/rc/clk?jk=40a095605ce3fa64&fccid=600e6abd00b4b668&vjs=3
Product Application Scientist – GeoMx – Digital Spatial Profiling (East),https://www.indeed.com/rc/clk?jk=85a23c10e7f1af2c&fccid=a4222446d7bec5b4&vjs=3
Data Engineer,https://www.indeed.com/rc/clk?jk=3aea1608e9990c02&fccid=c2cf86cc4f266277&vjs=3
Senior Data Analytics R&D Engineer,https://www.indeed.com/rc/clk?jk=669d273f855bf1ed&fccid=d32e3869c8f171b4&vjs=3
Senior Scientist Product Development,https://www.indeed.com/rc/clk?jk=b29b2af3e33c6bdd&fccid=b819ccc257811b0d&vjs=3
Signal Processing- Machine Learning- AI Engineer/Scientist,https://www.indeed.com/rc/clk?jk=60b357265f3949c9&fccid=5abf133a63062c9b&vjs=3
Data Engineer,https://www.indeed.com/rc/clk?jk=fa9b1a62c658098c&fccid=de56d7554bea5214&vjs=3
